[{"trial_id": "2", "score": 0.9817813634872437, "embedding_dim": 32, "lstm_units": 96, "num_layers": 2, "dense_units": 48, "dropout_rate": 0.5, "learning_rate": 0.001, "tuner/epochs": 2, "tuner/initial_epoch": 0, "tuner/bracket": 1, "tuner/round": 0}, {"trial_id": "0001", "score": 0.980431854724884, "embedding_dim": 64, "lstm_units": 64, "num_layers": 2, "dense_units": 48, "dropout_rate": 0.4, "learning_rate": 0.001, "tuner/epochs": 2, "tuner/initial_epoch": 0, "tuner/bracket": 1, "tuner/round": 0}, {"trial_id": "0000", "score": 0.97773277759552, "embedding_dim": 64, "lstm_units": 32, "num_layers": 3, "dense_units": 96, "dropout_rate": 0.4, "learning_rate": 0.001, "tuner/epochs": 2, "tuner/initial_epoch": 0, "tuner/bracket": 1, "tuner/round": 0}]