{"trial_id": "2", "hyperparameters": {"space": [{"class_name": "Int", "config": {"name": "embedding_dim", "default": null, "conditions": [], "min_value": 16, "max_value": 128, "step": 16, "sampling": null}}, {"class_name": "Int", "config": {"name": "lstm_units", "default": null, "conditions": [], "min_value": 16, "max_value": 128, "step": 16, "sampling": null}}, {"class_name": "Choice", "config": {"name": "num_layers", "default": 1, "conditions": [], "values": [1, 2, 3], "ordered": true}}, {"class_name": "Int", "config": {"name": "dense_units", "default": null, "conditions": [], "min_value": 16, "max_value": 128, "step": 16, "sampling": null}}, {"class_name": "Float", "config": {"name": "dropout_rate", "default": 0.1, "conditions": [], "min_value": 0.1, "max_value": 0.5, "step": 0.1, "sampling": null}}, {"class_name": "Choice", "config": {"name": "learning_rate", "default": 0.1, "conditions": [], "values": [0.1, 0.01, 0.001], "ordered": true}}], "values": {"embedding_dim": 32, "lstm_units": 96, "num_layers": 2, "dense_units": 48, "dropout_rate": 0.5, "learning_rate": 0.001, "tuner/epochs": 2, "tuner/initial_epoch": 0, "tuner/bracket": 1, "tuner/round": 0}}, "metrics": {"metrics": {"loss": {"direction": "min", "observations": [{"value": [0.03621487691998482], "step": 1}]}, "binary_accuracy": {"direction": "max", "observations": [{"value": [0.9892935752868652], "step": 1}]}, "val_loss": {"direction": "min", "observations": [{"value": [0.11071566492319107], "step": 1}]}, "val_binary_accuracy": {"direction": "max", "observations": [{"value": [0.9817813634872437], "step": 1}]}}}, "score": 0.9817813634872437, "best_step": 1, "status": "COMPLETED"}